Observation	Variable	Measurement	Group	Supergroup	Filegroup	Batchgroup
obs01	var01	0.21806356	control	supergroup1	filegroup01	batchgroup1
obs01	var02	0.741052909	control	supergroup1	filegroup01	batchgroup1
obs01	var03	0.522625165	control	supergroup1	filegroup01	batchgroup1
obs01	var04	0.811396094	control	supergroup1	filegroup01	batchgroup1
obs01	var05	0.712447743	control	supergroup1	filegroup01	batchgroup1
obs01	var06	0.91790964	control	supergroup1	filegroup01	batchgroup1
obs01	var07	0.849507154	control	supergroup1	filegroup01	batchgroup1
obs01	var08	0.029779541	control	supergroup1	filegroup01	batchgroup1
obs01	var09	0.048463482	control	supergroup1	filegroup01	batchgroup1
obs01	var10	0.937531855	control	supergroup1	filegroup01	batchgroup1
obs01	var11	0.101425055	control	supergroup1	filegroup01	batchgroup1
obs01	var12	0.301468102	control	supergroup1	filegroup01	batchgroup1
obs01	var13	0.205843984	control	supergroup1	filegroup01	batchgroup1
obs01	var14	0.938535525	control	supergroup1	filegroup01	batchgroup1
obs01	var15	0.706693383	control	supergroup1	filegroup01	batchgroup1
obs01	var16	0.419387332	control	supergroup1	filegroup01	batchgroup1
obs01	var17	0.79641995	control	supergroup1	filegroup01	batchgroup1
obs01	var18	0.883014254	control	supergroup1	filegroup01	batchgroup1
obs01	var19	0.559937435	control	supergroup1	filegroup01	batchgroup1
obs01	var20	0.685302756	control	supergroup1	filegroup01	batchgroup1
obs02	var01	0.573160169	control	supergroup1	filegroup01	batchgroup1
obs02	var02	0.7195268	control	supergroup1	filegroup01	batchgroup1
obs02	var03	0.55670513	control	supergroup1	filegroup01	batchgroup1
obs02	var04	0.824143586	control	supergroup1	filegroup01	batchgroup1
obs02	var05	0.877677436	control	supergroup1	filegroup01	batchgroup1
obs02	var06	0.247177509	control	supergroup1	filegroup01	batchgroup1
obs02	var07	0.200406462	control	supergroup1	filegroup01	batchgroup1
obs02	var08	0.612750635	control	supergroup1	filegroup01	batchgroup1
obs02	var09	0.915639023	control	supergroup1	filegroup01	batchgroup1
obs02	var10	0.823213356	control	supergroup1	filegroup01	batchgroup1
obs02	var11	0.756080245	control	supergroup1	filegroup01	batchgroup1
obs02	var12	0.204347363	control	supergroup1	filegroup01	batchgroup1
obs02	var13	0.978651912	control	supergroup1	filegroup01	batchgroup1
obs02	var14	0.520595644	control	supergroup1	filegroup01	batchgroup1
obs02	var15	0.820121111	control	supergroup1	filegroup01	batchgroup1
obs02	var16	0.437668415	control	supergroup1	filegroup01	batchgroup1
obs02	var17	0.203794041	control	supergroup1	filegroup01	batchgroup1
obs02	var18	0.60123052	control	supergroup1	filegroup01	batchgroup1
obs02	var19	0.113187005	control	supergroup1	filegroup01	batchgroup1
obs02	var20	0.683103159	control	supergroup1	filegroup01	batchgroup1
obs03	var01	0.221245771	control	supergroup1	filegroup01	batchgroup1
obs03	var02	0.93221901	control	supergroup1	filegroup01	batchgroup1
obs03	var03	0.680743655	control	supergroup1	filegroup01	batchgroup1
obs03	var04	0.934651153	control	supergroup1	filegroup01	batchgroup1
obs03	var05	0.402237596	control	supergroup1	filegroup01	batchgroup1
obs03	var06	0.4961458	control	supergroup1	filegroup01	batchgroup1
obs03	var07	0.216666838	control	supergroup1	filegroup01	batchgroup1
obs03	var08	0.626666768	control	supergroup1	filegroup01	batchgroup1
obs03	var09	0.060460489	control	supergroup1	filegroup01	batchgroup1
obs03	var10	0.444996922	control	supergroup1	filegroup01	batchgroup1
obs03	var11	0.341500505	control	supergroup1	filegroup01	batchgroup1
obs03	var12	0.577949679	control	supergroup1	filegroup01	batchgroup1
obs03	var13	0.453789243	control	supergroup1	filegroup01	batchgroup1
obs03	var14	0.527381719	control	supergroup1	filegroup01	batchgroup1
obs03	var15	0.207776686	control	supergroup1	filegroup01	batchgroup1
obs03	var16	0.310454938	control	supergroup1	filegroup01	batchgroup1
obs03	var17	0.175410194	control	supergroup1	filegroup01	batchgroup1
obs03	var18	0.645153008	control	supergroup1	filegroup01	batchgroup1
obs03	var19	0.353692321	control	supergroup1	filegroup01	batchgroup1
obs03	var20	0.775438643	control	supergroup1	filegroup01	batchgroup1
obs04	var01	0.048862065	control	supergroup1	filegroup01	batchgroup1
obs04	var02	0.172025363	control	supergroup1	filegroup01	batchgroup1
obs04	var03	0.878474223	control	supergroup1	filegroup01	batchgroup1
obs04	var04	0.743578576	control	supergroup1	filegroup01	batchgroup1
obs04	var05	0.280032704	control	supergroup1	filegroup01	batchgroup1
obs04	var06	0.295908135	control	supergroup1	filegroup01	batchgroup1
obs04	var07	0.63440951	control	supergroup1	filegroup01	batchgroup1
obs04	var08	0.79131819	control	supergroup1	filegroup01	batchgroup1
obs04	var09	0.114386612	control	supergroup1	filegroup01	batchgroup1
obs04	var10	0.739569742	control	supergroup1	filegroup01	batchgroup1
obs04	var11	0.102036829	control	supergroup1	filegroup01	batchgroup1
obs04	var12	0.6215454	control	supergroup1	filegroup01	batchgroup1
obs04	var13	0.584211697	control	supergroup1	filegroup01	batchgroup1
obs04	var14	0.748160828	control	supergroup1	filegroup01	batchgroup1
obs04	var15	0.165478131	control	supergroup1	filegroup01	batchgroup1
obs04	var16	0.823002683	control	supergroup1	filegroup01	batchgroup1
obs04	var17	0.442828581	control	supergroup1	filegroup01	batchgroup1
obs04	var18	0.90944055	control	supergroup1	filegroup01	batchgroup1
obs04	var19	0.547940978	control	supergroup1	filegroup01	batchgroup1
obs04	var20	0.363576012	control	supergroup1	filegroup01	batchgroup1
obs05	var01	0.390688817	control	supergroup1	filegroup01	batchgroup1
obs05	var02	0.453841326	control	supergroup1	filegroup01	batchgroup1
obs05	var03	0.889100641	control	supergroup1	filegroup01	batchgroup1
obs05	var04	0.841492807	control	supergroup1	filegroup01	batchgroup1
obs05	var05	0.10179004	control	supergroup1	filegroup01	batchgroup1
obs05	var06	0.490955204	control	supergroup1	filegroup01	batchgroup1
obs05	var07	0.761654896	control	supergroup1	filegroup01	batchgroup1
obs05	var08	0.814854348	control	supergroup1	filegroup01	batchgroup1
obs05	var09	0.487618099	control	supergroup1	filegroup01	batchgroup1
obs05	var10	0.567177916	control	supergroup1	filegroup01	batchgroup1
obs05	var11	0.531711352	control	supergroup1	filegroup01	batchgroup1
obs05	var12	0.458129485	control	supergroup1	filegroup01	batchgroup1
obs05	var13	0.983281902	control	supergroup1	filegroup01	batchgroup1
obs05	var14	0.957445089	control	supergroup1	filegroup01	batchgroup1
obs05	var15	0.854649731	control	supergroup1	filegroup01	batchgroup1
obs05	var16	0.055413895	control	supergroup1	filegroup01	batchgroup1
obs05	var17	0.381123061	control	supergroup1	filegroup01	batchgroup1
obs05	var18	0.855778668	control	supergroup1	filegroup01	batchgroup1
obs05	var19	0.292859525	control	supergroup1	filegroup01	batchgroup1
obs05	var20	0.125419512	control	supergroup1	filegroup01	batchgroup1
obs06	var01	0.779460642	control	supergroup1	filegroup02	batchgroup1
obs06	var02	0.352214711	control	supergroup1	filegroup02	batchgroup1
obs06	var03	0.669693116	control	supergroup1	filegroup02	batchgroup1
obs06	var04	0.012910825	control	supergroup1	filegroup02	batchgroup1
obs06	var05	0.740409796	control	supergroup1	filegroup02	batchgroup1
obs06	var06	0.575597518	control	supergroup1	filegroup02	batchgroup1
obs06	var07	0.963379033	control	supergroup1	filegroup02	batchgroup1
obs06	var08	0.873537681	control	supergroup1	filegroup02	batchgroup1
obs06	var09	0.927244459	control	supergroup1	filegroup02	batchgroup1
obs06	var10	0.858673603	control	supergroup1	filegroup02	batchgroup1
obs06	var11	0.490820186	control	supergroup1	filegroup02	batchgroup1
obs06	var12	0.279159073	control	supergroup1	filegroup02	batchgroup1
obs06	var13	0.588333306	control	supergroup1	filegroup02	batchgroup1
obs06	var14	0.725894328	control	supergroup1	filegroup02	batchgroup1
obs06	var15	0.72465622	control	supergroup1	filegroup02	batchgroup1
obs06	var16	0.097169649	control	supergroup1	filegroup02	batchgroup1
obs06	var17	0.329890697	control	supergroup1	filegroup02	batchgroup1
obs06	var18	0.716282327	control	supergroup1	filegroup02	batchgroup1
obs06	var19	0.750728587	control	supergroup1	filegroup02	batchgroup1
obs06	var20	0.986023882	control	supergroup1	filegroup02	batchgroup1
obs07	var01	0.421307226	control	supergroup1	filegroup02	batchgroup1
obs07	var02	0.558211103	control	supergroup1	filegroup02	batchgroup1
obs07	var03	0.441342517	control	supergroup1	filegroup02	batchgroup1
obs07	var04	0.439032641	control	supergroup1	filegroup02	batchgroup1
obs07	var05	0.95778703	control	supergroup1	filegroup02	batchgroup1
obs07	var06	0.931490193	control	supergroup1	filegroup02	batchgroup1
obs07	var07	0.631072483	control	supergroup1	filegroup02	batchgroup1
obs07	var08	0.002892226	control	supergroup1	filegroup02	batchgroup1
obs07	var09	0.236703822	control	supergroup1	filegroup02	batchgroup1
obs07	var10	0.826526839	control	supergroup1	filegroup02	batchgroup1
obs07	var11	0.885711242	control	supergroup1	filegroup02	batchgroup1
obs07	var12	0.870091961	control	supergroup1	filegroup02	batchgroup1
obs07	var13	0.294508969	control	supergroup1	filegroup02	batchgroup1
obs07	var14	0.051005159	control	supergroup1	filegroup02	batchgroup1
obs07	var15	0.152029391	control	supergroup1	filegroup02	batchgroup1
obs07	var16	0.812874886	control	supergroup1	filegroup02	batchgroup1
obs07	var17	0.7132325	control	supergroup1	filegroup02	batchgroup1
obs07	var18	0.824929126	control	supergroup1	filegroup02	batchgroup1
obs07	var19	0.487012556	control	supergroup1	filegroup02	batchgroup1
obs07	var20	0.739377424	control	supergroup1	filegroup02	batchgroup1
obs08	var01	0.277924535	control	supergroup1	filegroup02	batchgroup1
obs08	var02	0.4018181	control	supergroup1	filegroup02	batchgroup1
obs08	var03	0.767001385	control	supergroup1	filegroup02	batchgroup1
obs08	var04	0.632474131	control	supergroup1	filegroup02	batchgroup1
obs08	var05	0.243668459	control	supergroup1	filegroup02	batchgroup1
obs08	var06	0.903788443	control	supergroup1	filegroup02	batchgroup1
obs08	var07	0.1327403	control	supergroup1	filegroup02	batchgroup1
obs08	var08	0.136289399	control	supergroup1	filegroup02	batchgroup1
obs08	var09	0.658420455	control	supergroup1	filegroup02	batchgroup1
obs08	var10	0.429493397	control	supergroup1	filegroup02	batchgroup1
obs08	var11	0.367462215	control	supergroup1	filegroup02	batchgroup1
obs08	var12	0.939038339	control	supergroup1	filegroup02	batchgroup1
obs08	var13	0.322607296	control	supergroup1	filegroup02	batchgroup1
obs08	var14	0.393110216	control	supergroup1	filegroup02	batchgroup1
obs08	var15	0.471773514	control	supergroup1	filegroup02	batchgroup1
obs08	var16	0.518975008	control	supergroup1	filegroup02	batchgroup1
obs08	var17	0.033121465	control	supergroup1	filegroup02	batchgroup1
obs08	var18	0.051112311	control	supergroup1	filegroup02	batchgroup1
obs08	var19	0.581901455	control	supergroup1	filegroup02	batchgroup1
obs08	var20	0.077164929	control	supergroup1	filegroup02	batchgroup1
obs09	var01	0.419702706	control	supergroup1	filegroup02	batchgroup1
obs09	var02	0.022393069	control	supergroup1	filegroup02	batchgroup1
obs09	var03	0.370683402	control	supergroup1	filegroup02	batchgroup1
obs09	var04	0.788290161	control	supergroup1	filegroup02	batchgroup1
obs09	var05	0.648197827	control	supergroup1	filegroup02	batchgroup1
obs09	var06	0.918180431	control	supergroup1	filegroup02	batchgroup1
obs09	var07	0.785356248	control	supergroup1	filegroup02	batchgroup1
obs09	var08	0.209341103	control	supergroup1	filegroup02	batchgroup1
obs09	var09	0.381971293	control	supergroup1	filegroup02	batchgroup1
obs09	var10	0.747826236	control	supergroup1	filegroup02	batchgroup1
obs09	var11	0.649376075	control	supergroup1	filegroup02	batchgroup1
obs09	var12	0.139611331	control	supergroup1	filegroup02	batchgroup1
obs09	var13	0.772394362	control	supergroup1	filegroup02	batchgroup1
obs09	var14	0.374265084	control	supergroup1	filegroup02	batchgroup1
obs09	var15	0.410995256	control	supergroup1	filegroup02	batchgroup1
obs09	var16	0.336708185	control	supergroup1	filegroup02	batchgroup1
obs09	var17	0.493846681	control	supergroup1	filegroup02	batchgroup1
obs09	var18	0.688961056	control	supergroup1	filegroup02	batchgroup1
obs09	var19	0.895931409	control	supergroup1	filegroup02	batchgroup1
obs09	var20	0.955570777	control	supergroup1	filegroup02	batchgroup1
obs10	var01	0.708450198	control	supergroup1	filegroup02	batchgroup1
obs10	var02	0.937765087	control	supergroup1	filegroup02	batchgroup1
obs10	var03	0.033703256	control	supergroup1	filegroup02	batchgroup1
obs10	var04	0.975016598	control	supergroup1	filegroup02	batchgroup1
obs10	var05	0.645355828	control	supergroup1	filegroup02	batchgroup1
obs10	var06	0.634153826	control	supergroup1	filegroup02	batchgroup1
obs10	var07	0.024358878	control	supergroup1	filegroup02	batchgroup1
obs10	var08	0.088334988	control	supergroup1	filegroup02	batchgroup1
obs10	var09	0.522149381	control	supergroup1	filegroup02	batchgroup1
obs10	var10	0.422544716	control	supergroup1	filegroup02	batchgroup1
obs10	var11	0.653826919	control	supergroup1	filegroup02	batchgroup1
obs10	var12	0.646718619	control	supergroup1	filegroup02	batchgroup1
obs10	var13	0.584664881	control	supergroup1	filegroup02	batchgroup1
obs10	var14	0.22772167	control	supergroup1	filegroup02	batchgroup1
obs10	var15	0.431207203	control	supergroup1	filegroup02	batchgroup1
obs10	var16	0.712566142	control	supergroup1	filegroup02	batchgroup1
obs10	var17	0.018306691	control	supergroup1	filegroup02	batchgroup1
obs10	var18	0.901660402	control	supergroup1	filegroup02	batchgroup1
obs10	var19	0.704955328	control	supergroup1	filegroup02	batchgroup1
obs10	var20	0.369139237	control	supergroup1	filegroup02	batchgroup1
obs11	var01	10.7415354	treatment	supergroup1	filegroup03	batchgroup1
obs11	var02	10.77675756	treatment	supergroup1	filegroup03	batchgroup1
obs11	var03	10.92617444	treatment	supergroup1	filegroup03	batchgroup1
obs11	var04	10.85415675	treatment	supergroup1	filegroup03	batchgroup1
obs11	var05	10.24598303	treatment	supergroup1	filegroup03	batchgroup1
obs11	var06	10.88742978	treatment	supergroup1	filegroup03	batchgroup1
obs11	var07	10.31793992	treatment	supergroup1	filegroup03	batchgroup1
obs11	var08	10.6127237	treatment	supergroup1	filegroup03	batchgroup1
obs11	var09	10.29580497	treatment	supergroup1	filegroup03	batchgroup1
obs11	var10	10.63148395	treatment	supergroup1	filegroup03	batchgroup1
obs11	var11	10.72803655	treatment	supergroup1	filegroup03	batchgroup1
obs11	var12	10.72064806	treatment	supergroup1	filegroup03	batchgroup1
obs11	var13	10.412935	treatment	supergroup1	filegroup03	batchgroup1
obs11	var14	10.4669803	treatment	supergroup1	filegroup03	batchgroup1
obs11	var15	10.21151434	treatment	supergroup1	filegroup03	batchgroup1
obs11	var16	10.80940695	treatment	supergroup1	filegroup03	batchgroup1
obs11	var17	10.25401247	treatment	supergroup1	filegroup03	batchgroup1
obs11	var18	10.12926227	treatment	supergroup1	filegroup03	batchgroup1
obs11	var19	10.5090655	treatment	supergroup1	filegroup03	batchgroup1
obs11	var20	10.33813969	treatment	supergroup1	filegroup03	batchgroup1
obs12	var01	10.33073716	treatment	supergroup1	filegroup03	batchgroup1
obs12	var02	10.59256423	treatment	supergroup1	filegroup03	batchgroup1
obs12	var03	10.56090592	treatment	supergroup1	filegroup03	batchgroup1
obs12	var04	10.46658265	treatment	supergroup1	filegroup03	batchgroup1
obs12	var05	10.62312092	treatment	supergroup1	filegroup03	batchgroup1
obs12	var06	10.35839277	treatment	supergroup1	filegroup03	batchgroup1
obs12	var07	10.82615253	treatment	supergroup1	filegroup03	batchgroup1
obs12	var08	10.67270803	treatment	supergroup1	filegroup03	batchgroup1
obs12	var09	10.36264354	treatment	supergroup1	filegroup03	batchgroup1
obs12	var10	10.03751734	treatment	supergroup1	filegroup03	batchgroup1
obs12	var11	10.05063552	treatment	supergroup1	filegroup03	batchgroup1
obs12	var12	10.05230065	treatment	supergroup1	filegroup03	batchgroup1
obs12	var13	10.96890004	treatment	supergroup1	filegroup03	batchgroup1
obs12	var14	10.57198916	treatment	supergroup1	filegroup03	batchgroup1
obs12	var15	10.56121579	treatment	supergroup1	filegroup03	batchgroup1
obs12	var16	10.36575752	treatment	supergroup1	filegroup03	batchgroup1
obs12	var17	10.67327977	treatment	supergroup1	filegroup03	batchgroup1
obs12	var18	10.31270257	treatment	supergroup1	filegroup03	batchgroup1
obs12	var19	10.76363026	treatment	supergroup1	filegroup03	batchgroup1
obs12	var20	10.2397697	treatment	supergroup1	filegroup03	batchgroup1
obs13	var01	10.59673489	treatment	supergroup1	filegroup03	batchgroup1
obs13	var02	10.1402499	treatment	supergroup1	filegroup03	batchgroup1
obs13	var03	10.67099959	treatment	supergroup1	filegroup03	batchgroup1
obs13	var04	10.61385245	treatment	supergroup1	filegroup03	batchgroup1
obs13	var05	10.51969439	treatment	supergroup1	filegroup03	batchgroup1
obs13	var06	10.28802063	treatment	supergroup1	filegroup03	batchgroup1
obs13	var07	10.34584197	treatment	supergroup1	filegroup03	batchgroup1
obs13	var08	10.83079919	treatment	supergroup1	filegroup03	batchgroup1
obs13	var09	10.41034376	treatment	supergroup1	filegroup03	batchgroup1
obs13	var10	10.94518562	treatment	supergroup1	filegroup03	batchgroup1
obs13	var11	10.90945519	treatment	supergroup1	filegroup03	batchgroup1
obs13	var12	10.34995704	treatment	supergroup1	filegroup03	batchgroup1
obs13	var13	10.07498663	treatment	supergroup1	filegroup03	batchgroup1
obs13	var14	10.15833029	treatment	supergroup1	filegroup03	batchgroup1
obs13	var15	10.2275631	treatment	supergroup1	filegroup03	batchgroup1
obs13	var16	10.5286464	treatment	supergroup1	filegroup03	batchgroup1
obs13	var17	10.37694598	treatment	supergroup1	filegroup03	batchgroup1
obs13	var18	10.27814739	treatment	supergroup1	filegroup03	batchgroup1
obs13	var19	10.82670741	treatment	supergroup1	filegroup03	batchgroup1
obs13	var20	10.58082235	treatment	supergroup1	filegroup03	batchgroup1
obs14	var01	10.17196947	treatment	supergroup1	filegroup03	batchgroup1
obs14	var02	10.28402899	treatment	supergroup1	filegroup03	batchgroup1
obs14	var03	10.83738874	treatment	supergroup1	filegroup03	batchgroup1
obs14	var04	10.24389628	treatment	supergroup1	filegroup03	batchgroup1
obs14	var05	10.38067262	treatment	supergroup1	filegroup03	batchgroup1
obs14	var06	10.13748886	treatment	supergroup1	filegroup03	batchgroup1
obs14	var07	10.38866897	treatment	supergroup1	filegroup03	batchgroup1
obs14	var08	10.33539776	treatment	supergroup1	filegroup03	batchgroup1
obs14	var09	10.74486649	treatment	supergroup1	filegroup03	batchgroup1
obs14	var10	10.39023324	treatment	supergroup1	filegroup03	batchgroup1
obs14	var11	10.1051377	treatment	supergroup1	filegroup03	batchgroup1
obs14	var12	10.95952505	treatment	supergroup1	filegroup03	batchgroup1
obs14	var13	10.24616572	treatment	supergroup1	filegroup03	batchgroup1
obs14	var14	10.56385498	treatment	supergroup1	filegroup03	batchgroup1
obs14	var15	10.46179953	treatment	supergroup1	filegroup03	batchgroup1
obs14	var16	10.33604594	treatment	supergroup1	filegroup03	batchgroup1
obs14	var17	10.82853706	treatment	supergroup1	filegroup03	batchgroup1
obs14	var18	10.74325977	treatment	supergroup1	filegroup03	batchgroup1
obs14	var19	10.05115805	treatment	supergroup1	filegroup03	batchgroup1
obs14	var20	10.36827997	treatment	supergroup1	filegroup03	batchgroup1
obs15	var01	10.52614293	treatment	supergroup1	filegroup03	batchgroup1
obs15	var02	10.69383174	treatment	supergroup1	filegroup03	batchgroup1
obs15	var03	10.92526146	treatment	supergroup1	filegroup03	batchgroup1
obs15	var04	10.18462786	treatment	supergroup1	filegroup03	batchgroup1
obs15	var05	10.68702015	treatment	supergroup1	filegroup03	batchgroup1
obs15	var06	10.26483673	treatment	supergroup1	filegroup03	batchgroup1
obs15	var07	10.40056333	treatment	supergroup1	filegroup03	batchgroup1
obs15	var08	10.28926551	treatment	supergroup1	filegroup03	batchgroup1
obs15	var09	10.92830348	treatment	supergroup1	filegroup03	batchgroup1
obs15	var10	10.73844741	treatment	supergroup1	filegroup03	batchgroup1
obs15	var11	10.35321445	treatment	supergroup1	filegroup03	batchgroup1
obs15	var12	10.61552403	treatment	supergroup1	filegroup03	batchgroup1
obs15	var13	10.20048625	treatment	supergroup1	filegroup03	batchgroup1
obs15	var14	10.80047844	treatment	supergroup1	filegroup03	batchgroup1
obs15	var15	10.07100487	treatment	supergroup1	filegroup03	batchgroup1
obs15	var16	10.44246095	treatment	supergroup1	filegroup03	batchgroup1
obs15	var17	10.90555222	treatment	supergroup1	filegroup03	batchgroup1
obs15	var18	10.42719362	treatment	supergroup1	filegroup03	batchgroup1
obs15	var19	10.94776772	treatment	supergroup1	filegroup03	batchgroup1
obs15	var20	10.43566414	treatment	supergroup1	filegroup03	batchgroup1
obs16	var01	10.55238302	treatment	supergroup1	filegroup04	batchgroup1
obs16	var02	10.86529873	treatment	supergroup1	filegroup04	batchgroup1
obs16	var03	10.2683595	treatment	supergroup1	filegroup04	batchgroup1
obs16	var04	10.62848929	treatment	supergroup1	filegroup04	batchgroup1
obs16	var05	10.85572147	treatment	supergroup1	filegroup04	batchgroup1
obs16	var06	10.49337938	treatment	supergroup1	filegroup04	batchgroup1
obs16	var07	10.1992444	treatment	supergroup1	filegroup04	batchgroup1
obs16	var08	10.15941762	treatment	supergroup1	filegroup04	batchgroup1
obs16	var09	10.12008919	treatment	supergroup1	filegroup04	batchgroup1
obs16	var10	10.28317646	treatment	supergroup1	filegroup04	batchgroup1
obs16	var11	10.3450928	treatment	supergroup1	filegroup04	batchgroup1
obs16	var12	10.59287321	treatment	supergroup1	filegroup04	batchgroup1
obs16	var13	10.20246638	treatment	supergroup1	filegroup04	batchgroup1
obs16	var14	10.81032933	treatment	supergroup1	filegroup04	batchgroup1
obs16	var15	10.07124502	treatment	supergroup1	filegroup04	batchgroup1
obs16	var16	10.74565755	treatment	supergroup1	filegroup04	batchgroup1
obs16	var17	10.82281877	treatment	supergroup1	filegroup04	batchgroup1
obs16	var18	10.86263043	treatment	supergroup1	filegroup04	batchgroup1
obs16	var19	10.06388079	treatment	supergroup1	filegroup04	batchgroup1
obs16	var20	10.92316096	treatment	supergroup1	filegroup04	batchgroup1
obs17	var01	10.57850211	treatment	supergroup1	filegroup04	batchgroup1
obs17	var02	10.70918269	treatment	supergroup1	filegroup04	batchgroup1
obs17	var03	10.87540172	treatment	supergroup1	filegroup04	batchgroup1
obs17	var04	10.57733167	treatment	supergroup1	filegroup04	batchgroup1
obs17	var05	10.88426045	treatment	supergroup1	filegroup04	batchgroup1
obs17	var06	10.98690504	treatment	supergroup1	filegroup04	batchgroup1
obs17	var07	10.11539625	treatment	supergroup1	filegroup04	batchgroup1
obs17	var08	10.3899843	treatment	supergroup1	filegroup04	batchgroup1
obs17	var09	10.33962917	treatment	supergroup1	filegroup04	batchgroup1
obs17	var10	10.99873647	treatment	supergroup1	filegroup04	batchgroup1
obs17	var11	10.13579737	treatment	supergroup1	filegroup04	batchgroup1
obs17	var12	10.29098924	treatment	supergroup1	filegroup04	batchgroup1
obs17	var13	10.2249731	treatment	supergroup1	filegroup04	batchgroup1
obs17	var14	10.35489869	treatment	supergroup1	filegroup04	batchgroup1
obs17	var15	10.72152157	treatment	supergroup1	filegroup04	batchgroup1
obs17	var16	10.27002429	treatment	supergroup1	filegroup04	batchgroup1
obs17	var17	10.93995411	treatment	supergroup1	filegroup04	batchgroup1
obs17	var18	10.8020218	treatment	supergroup1	filegroup04	batchgroup1
obs17	var19	10.18413978	treatment	supergroup1	filegroup04	batchgroup1
obs17	var20	10.06816547	treatment	supergroup1	filegroup04	batchgroup1
obs18	var01	10.42447459	treatment	supergroup1	filegroup04	batchgroup1
obs18	var02	10.61600276	treatment	supergroup1	filegroup04	batchgroup1
obs18	var03	10.82845348	treatment	supergroup1	filegroup04	batchgroup1
obs18	var04	10.25157838	treatment	supergroup1	filegroup04	batchgroup1
obs18	var05	10.25382717	treatment	supergroup1	filegroup04	batchgroup1
obs18	var06	10.07641694	treatment	supergroup1	filegroup04	batchgroup1
obs18	var07	10.76616208	treatment	supergroup1	filegroup04	batchgroup1
obs18	var08	10.06882004	treatment	supergroup1	filegroup04	batchgroup1
obs18	var09	10.71947279	treatment	supergroup1	filegroup04	batchgroup1
obs18	var10	10.36771928	treatment	supergroup1	filegroup04	batchgroup1
obs18	var11	10.86141741	treatment	supergroup1	filegroup04	batchgroup1
obs18	var12	10.69379269	treatment	supergroup1	filegroup04	batchgroup1
obs18	var13	10.96149811	treatment	supergroup1	filegroup04	batchgroup1
obs18	var14	10.46811248	treatment	supergroup1	filegroup04	batchgroup1
obs18	var15	10.54999183	treatment	supergroup1	filegroup04	batchgroup1
obs18	var16	10.92500543	treatment	supergroup1	filegroup04	batchgroup1
obs18	var17	10.21198931	treatment	supergroup1	filegroup04	batchgroup1
obs18	var18	10.98733548	treatment	supergroup1	filegroup04	batchgroup1
obs18	var19	10.31000089	treatment	supergroup1	filegroup04	batchgroup1
obs18	var20	10.75134417	treatment	supergroup1	filegroup04	batchgroup1
obs19	var01	10.42558506	treatment	supergroup1	filegroup04	batchgroup1
obs19	var02	10.75672898	treatment	supergroup1	filegroup04	batchgroup1
obs19	var03	10.09591679	treatment	supergroup1	filegroup04	batchgroup1
obs19	var04	10.13587413	treatment	supergroup1	filegroup04	batchgroup1
obs19	var05	10.55132639	treatment	supergroup1	filegroup04	batchgroup1
obs19	var06	10.97382473	treatment	supergroup1	filegroup04	batchgroup1
obs19	var07	10.31200344	treatment	supergroup1	filegroup04	batchgroup1
obs19	var08	10.99458582	treatment	supergroup1	filegroup04	batchgroup1
obs19	var09	10.01901828	treatment	supergroup1	filegroup04	batchgroup1
obs19	var10	10.59385159	treatment	supergroup1	filegroup04	batchgroup1
obs19	var11	10.36389038	treatment	supergroup1	filegroup04	batchgroup1
obs19	var12	10.39388872	treatment	supergroup1	filegroup04	batchgroup1
obs19	var13	10.33232019	treatment	supergroup1	filegroup04	batchgroup1
obs19	var14	10.42387515	treatment	supergroup1	filegroup04	batchgroup1
obs19	var15	10.31109333	treatment	supergroup1	filegroup04	batchgroup1
obs19	var16	10.61246034	treatment	supergroup1	filegroup04	batchgroup1
obs19	var17	10.91323117	treatment	supergroup1	filegroup04	batchgroup1
obs19	var18	10.43374085	treatment	supergroup1	filegroup04	batchgroup1
obs19	var19	10.41543308	treatment	supergroup1	filegroup04	batchgroup1
obs19	var20	10.23051574	treatment	supergroup1	filegroup04	batchgroup1
obs20	var01	10.89484065	treatment	supergroup1	filegroup04	batchgroup1
obs20	var02	10.33310201	treatment	supergroup1	filegroup04	batchgroup1
obs20	var03	10.02796984	treatment	supergroup1	filegroup04	batchgroup1
obs20	var04	10.28817698	treatment	supergroup1	filegroup04	batchgroup1
obs20	var05	10.84033083	treatment	supergroup1	filegroup04	batchgroup1
obs20	var06	10.40545381	treatment	supergroup1	filegroup04	batchgroup1
obs20	var07	10.34472734	treatment	supergroup1	filegroup04	batchgroup1
obs20	var08	10.52309662	treatment	supergroup1	filegroup04	batchgroup1
obs20	var09	10.54824208	treatment	supergroup1	filegroup04	batchgroup1
obs20	var10	10.2790377	treatment	supergroup1	filegroup04	batchgroup1
obs20	var11	10.72401601	treatment	supergroup1	filegroup04	batchgroup1
obs20	var12	10.63098677	treatment	supergroup1	filegroup04	batchgroup1
obs20	var13	10.63007283	treatment	supergroup1	filegroup04	batchgroup1
obs20	var14	10.22703157	treatment	supergroup1	filegroup04	batchgroup1
obs20	var15	10.14219147	treatment	supergroup1	filegroup04	batchgroup1
obs20	var16	10.2184224	treatment	supergroup1	filegroup04	batchgroup1
obs20	var17	10.91990157	treatment	supergroup1	filegroup04	batchgroup1
obs20	var18	10.62463055	treatment	supergroup1	filegroup04	batchgroup1
obs20	var19	10.4671615	treatment	supergroup1	filegroup04	batchgroup1
obs20	var20	10.12388913	treatment	supergroup1	filegroup04	batchgroup1
obs01	var01	0.925329701	control	supergroup2	filegroup05	batchgroup1
obs01	var02	0.292473195	control	supergroup2	filegroup05	batchgroup1
obs01	var03	0.875382912	control	supergroup2	filegroup05	batchgroup1
obs01	var04	0.767666041	control	supergroup2	filegroup05	batchgroup1
obs01	var05	0.118223459	control	supergroup2	filegroup05	batchgroup1
obs01	var06	0.692624054	control	supergroup2	filegroup05	batchgroup1
obs01	var07	0.426162122	control	supergroup2	filegroup05	batchgroup1
obs01	var08	0.842779676	control	supergroup2	filegroup05	batchgroup1
obs01	var09	0.514506299	control	supergroup2	filegroup05	batchgroup1
obs01	var10	0.929850542	control	supergroup2	filegroup05	batchgroup1
obs01	var11	0.701017843	control	supergroup2	filegroup05	batchgroup1
obs01	var12	0.941282817	control	supergroup2	filegroup05	batchgroup1
obs01	var13	0.808760077	control	supergroup2	filegroup05	batchgroup1
obs01	var14	0.020756732	control	supergroup2	filegroup05	batchgroup1
obs01	var15	0.142896902	control	supergroup2	filegroup05	batchgroup1
obs01	var16	0.319521486	control	supergroup2	filegroup05	batchgroup1
obs01	var17	0.459252755	control	supergroup2	filegroup05	batchgroup1
obs01	var18	0.934383357	control	supergroup2	filegroup05	batchgroup1
obs01	var19	0.804374807	control	supergroup2	filegroup05	batchgroup1
obs01	var20	0.616944168	control	supergroup2	filegroup05	batchgroup1
obs02	var01	0.200681216	control	supergroup2	filegroup05	batchgroup1
obs02	var02	0.934165456	control	supergroup2	filegroup05	batchgroup1
obs02	var03	0.101316727	control	supergroup2	filegroup05	batchgroup1
obs02	var04	0.486925645	control	supergroup2	filegroup05	batchgroup1
obs02	var05	0.481545812	control	supergroup2	filegroup05	batchgroup1
obs02	var06	0.456878229	control	supergroup2	filegroup05	batchgroup1
obs02	var07	0.699198847	control	supergroup2	filegroup05	batchgroup1
obs02	var08	0.626731382	control	supergroup2	filegroup05	batchgroup1
obs02	var09	0.050674633	control	supergroup2	filegroup05	batchgroup1
obs02	var10	0.369009432	control	supergroup2	filegroup05	batchgroup1
obs02	var11	0.84536933	control	supergroup2	filegroup05	batchgroup1
obs02	var12	0.487991221	control	supergroup2	filegroup05	batchgroup1
obs02	var13	0.860970007	control	supergroup2	filegroup05	batchgroup1
obs02	var14	0.855037432	control	supergroup2	filegroup05	batchgroup1
obs02	var15	0.282307731	control	supergroup2	filegroup05	batchgroup1
obs02	var16	0.389702559	control	supergroup2	filegroup05	batchgroup1
obs02	var17	0.028463805	control	supergroup2	filegroup05	batchgroup1
obs02	var18	0.895556987	control	supergroup2	filegroup05	batchgroup1
obs02	var19	0.650499009	control	supergroup2	filegroup05	batchgroup1
obs02	var20	0.064313549	control	supergroup2	filegroup05	batchgroup1
obs03	var01	0.917937539	control	supergroup2	filegroup05	batchgroup1
obs03	var02	0.196749523	control	supergroup2	filegroup05	batchgroup1
obs03	var03	0.565777766	control	supergroup2	filegroup05	batchgroup1
obs03	var04	0.510561067	control	supergroup2	filegroup05	batchgroup1
obs03	var05	0.810695397	control	supergroup2	filegroup05	batchgroup1
obs03	var06	0.008165774	control	supergroup2	filegroup05	batchgroup1
obs03	var07	0.404408647	control	supergroup2	filegroup05	batchgroup1
obs03	var08	0.947768223	control	supergroup2	filegroup05	batchgroup1
obs03	var09	0.9673676	control	supergroup2	filegroup05	batchgroup1
obs03	var10	0.31519665	control	supergroup2	filegroup05	batchgroup1
obs03	var11	0.796472887	control	supergroup2	filegroup05	batchgroup1
obs03	var12	0.702285322	control	supergroup2	filegroup05	batchgroup1
obs03	var13	0.499643687	control	supergroup2	filegroup05	batchgroup1
obs03	var14	0.652636723	control	supergroup2	filegroup05	batchgroup1
obs03	var15	0.430971424	control	supergroup2	filegroup05	batchgroup1
obs03	var16	0.782508814	control	supergroup2	filegroup05	batchgroup1
obs03	var17	0.664936881	control	supergroup2	filegroup05	batchgroup1
obs03	var18	0.90049558	control	supergroup2	filegroup05	batchgroup1
obs03	var19	0.832925493	control	supergroup2	filegroup05	batchgroup1
obs03	var20	0.02674847	control	supergroup2	filegroup05	batchgroup1
obs04	var01	0.404049404	control	supergroup2	filegroup05	batchgroup1
obs04	var02	0.491933768	control	supergroup2	filegroup05	batchgroup1
obs04	var03	0.228039146	control	supergroup2	filegroup05	batchgroup1
obs04	var04	0.555890165	control	supergroup2	filegroup05	batchgroup1
obs04	var05	0.712235271	control	supergroup2	filegroup05	batchgroup1
obs04	var06	0.396964135	control	supergroup2	filegroup05	batchgroup1
obs04	var07	0.154263569	control	supergroup2	filegroup05	batchgroup1
obs04	var08	0.354426784	control	supergroup2	filegroup05	batchgroup1
obs04	var09	0.698538171	control	supergroup2	filegroup05	batchgroup1
obs04	var10	0.059607552	control	supergroup2	filegroup05	batchgroup1
obs04	var11	0.237230656	control	supergroup2	filegroup05	batchgroup1
obs04	var12	0.704920831	control	supergroup2	filegroup05	batchgroup1
obs04	var13	0.502266979	control	supergroup2	filegroup05	batchgroup1
obs04	var14	0.596468819	control	supergroup2	filegroup05	batchgroup1
obs04	var15	0.552862008	control	supergroup2	filegroup05	batchgroup1
obs04	var16	0.427617732	control	supergroup2	filegroup05	batchgroup1
obs04	var17	0.661188777	control	supergroup2	filegroup05	batchgroup1
obs04	var18	0.837160255	control	supergroup2	filegroup05	batchgroup1
obs04	var19	0.106558218	control	supergroup2	filegroup05	batchgroup1
obs04	var20	0.168214524	control	supergroup2	filegroup05	batchgroup1
obs05	var01	0.017334859	control	supergroup2	filegroup05	batchgroup1
obs05	var02	0.59698724	control	supergroup2	filegroup05	batchgroup1
obs05	var03	0.591709489	control	supergroup2	filegroup05	batchgroup1
obs05	var04	0.547603366	control	supergroup2	filegroup05	batchgroup1
obs05	var05	0.656312238	control	supergroup2	filegroup05	batchgroup1
obs05	var06	0.783292897	control	supergroup2	filegroup05	batchgroup1
obs05	var07	0.474765258	control	supergroup2	filegroup05	batchgroup1
obs05	var08	0.689725756	control	supergroup2	filegroup05	batchgroup1
obs05	var09	0.152180271	control	supergroup2	filegroup05	batchgroup1
obs05	var10	0.619428284	control	supergroup2	filegroup05	batchgroup1
obs05	var11	0.799392211	control	supergroup2	filegroup05	batchgroup1
obs05	var12	0.701556601	control	supergroup2	filegroup05	batchgroup1
obs05	var13	0.351771112	control	supergroup2	filegroup05	batchgroup1
obs05	var14	0.823600722	control	supergroup2	filegroup05	batchgroup1
obs05	var15	0.499599107	control	supergroup2	filegroup05	batchgroup1
obs05	var16	0.916118813	control	supergroup2	filegroup05	batchgroup1
obs05	var17	0.717100111	control	supergroup2	filegroup05	batchgroup1
obs05	var18	0.216316792	control	supergroup2	filegroup05	batchgroup1
obs05	var19	0.867257665	control	supergroup2	filegroup05	batchgroup1
obs05	var20	0.299824932	control	supergroup2	filegroup05	batchgroup1
obs06	var01	0.14814431	control	supergroup2	filegroup06	batchgroup1
obs06	var02	0.142671804	control	supergroup2	filegroup06	batchgroup1
obs06	var03	0.643948702	control	supergroup2	filegroup06	batchgroup1
obs06	var04	0.099301316	control	supergroup2	filegroup06	batchgroup1
obs06	var05	0.933905839	control	supergroup2	filegroup06	batchgroup1
obs06	var06	0.225631405	control	supergroup2	filegroup06	batchgroup1
obs06	var07	0.011759337	control	supergroup2	filegroup06	batchgroup1
obs06	var08	0.487700888	control	supergroup2	filegroup06	batchgroup1
obs06	var09	0.1329354	control	supergroup2	filegroup06	batchgroup1
obs06	var10	0.696966354	control	supergroup2	filegroup06	batchgroup1
obs06	var11	0.477426654	control	supergroup2	filegroup06	batchgroup1
obs06	var12	0.789143961	control	supergroup2	filegroup06	batchgroup1
obs06	var13	0.15268867	control	supergroup2	filegroup06	batchgroup1
obs06	var14	0.192009706	control	supergroup2	filegroup06	batchgroup1
obs06	var15	0.550852492	control	supergroup2	filegroup06	batchgroup1
obs06	var16	0.860159608	control	supergroup2	filegroup06	batchgroup1
obs06	var17	0.453538978	control	supergroup2	filegroup06	batchgroup1
obs06	var18	0.63029794	control	supergroup2	filegroup06	batchgroup1
obs06	var19	0.784266477	control	supergroup2	filegroup06	batchgroup1
obs06	var20	0.237401194	control	supergroup2	filegroup06	batchgroup1
obs07	var01	0.05548167	control	supergroup2	filegroup06	batchgroup1
obs07	var02	0.736027244	control	supergroup2	filegroup06	batchgroup1
obs07	var03	0.197488667	control	supergroup2	filegroup06	batchgroup1
obs07	var04	0.933333208	control	supergroup2	filegroup06	batchgroup1
obs07	var05	0.217692674	control	supergroup2	filegroup06	batchgroup1
obs07	var06	0.04981829	control	supergroup2	filegroup06	batchgroup1
obs07	var07	0.801863643	control	supergroup2	filegroup06	batchgroup1
obs07	var08	0.974410491	control	supergroup2	filegroup06	batchgroup1
obs07	var09	0.107749633	control	supergroup2	filegroup06	batchgroup1
obs07	var10	0.596660939	control	supergroup2	filegroup06	batchgroup1
obs07	var11	0.338116583	control	supergroup2	filegroup06	batchgroup1
obs07	var12	0.054481684	control	supergroup2	filegroup06	batchgroup1
obs07	var13	0.909451398	control	supergroup2	filegroup06	batchgroup1
obs07	var14	0.829475103	control	supergroup2	filegroup06	batchgroup1
obs07	var15	0.405287514	control	supergroup2	filegroup06	batchgroup1
obs07	var16	0.323982784	control	supergroup2	filegroup06	batchgroup1
obs07	var17	0.8783397	control	supergroup2	filegroup06	batchgroup1
obs07	var18	0.410787567	control	supergroup2	filegroup06	batchgroup1
obs07	var19	0.732775507	control	supergroup2	filegroup06	batchgroup1
obs07	var20	0.713616516	control	supergroup2	filegroup06	batchgroup1
obs08	var01	0.649810135	control	supergroup2	filegroup06	batchgroup1
obs08	var02	0.713540747	control	supergroup2	filegroup06	batchgroup1
obs08	var03	0.09869302	control	supergroup2	filegroup06	batchgroup1
obs08	var04	0.73803175	control	supergroup2	filegroup06	batchgroup1
obs08	var05	0.827610127	control	supergroup2	filegroup06	batchgroup1
obs08	var06	0.4701682	control	supergroup2	filegroup06	batchgroup1
obs08	var07	0.4463591	control	supergroup2	filegroup06	batchgroup1
obs08	var08	0.454749555	control	supergroup2	filegroup06	batchgroup1
obs08	var09	0.987652923	control	supergroup2	filegroup06	batchgroup1
obs08	var10	0.84926496	control	supergroup2	filegroup06	batchgroup1
obs08	var11	0.935007334	control	supergroup2	filegroup06	batchgroup1
obs08	var12	0.234435155	control	supergroup2	filegroup06	batchgroup1
obs08	var13	0.147392852	control	supergroup2	filegroup06	batchgroup1
obs08	var14	0.135443621	control	supergroup2	filegroup06	batchgroup1
obs08	var15	0.595468105	control	supergroup2	filegroup06	batchgroup1
obs08	var16	0.534445712	control	supergroup2	filegroup06	batchgroup1
obs08	var17	0.155164871	control	supergroup2	filegroup06	batchgroup1
obs08	var18	0.458430446	control	supergroup2	filegroup06	batchgroup1
obs08	var19	0.292071584	control	supergroup2	filegroup06	batchgroup1
obs08	var20	0.511886973	control	supergroup2	filegroup06	batchgroup1
obs09	var01	0.211690214	control	supergroup2	filegroup06	batchgroup1
obs09	var02	0.351156197	control	supergroup2	filegroup06	batchgroup1
obs09	var03	0.735073851	control	supergroup2	filegroup06	batchgroup1
obs09	var04	0.801072904	control	supergroup2	filegroup06	batchgroup1
obs09	var05	0.32871832	control	supergroup2	filegroup06	batchgroup1
obs09	var06	0.989761277	control	supergroup2	filegroup06	batchgroup1
obs09	var07	0.693099122	control	supergroup2	filegroup06	batchgroup1
obs09	var08	0.416573176	control	supergroup2	filegroup06	batchgroup1
obs09	var09	0.718773558	control	supergroup2	filegroup06	batchgroup1
obs09	var10	0.034960293	control	supergroup2	filegroup06	batchgroup1
obs09	var11	0.097790705	control	supergroup2	filegroup06	batchgroup1
obs09	var12	0.03345258	control	supergroup2	filegroup06	batchgroup1
obs09	var13	0.893469263	control	supergroup2	filegroup06	batchgroup1
obs09	var14	0.725354695	control	supergroup2	filegroup06	batchgroup1
obs09	var15	0.347968887	control	supergroup2	filegroup06	batchgroup1
obs09	var16	0.780234875	control	supergroup2	filegroup06	batchgroup1
obs09	var17	0.006187556	control	supergroup2	filegroup06	batchgroup1
obs09	var18	0.952918549	control	supergroup2	filegroup06	batchgroup1
obs09	var19	0.276964052	control	supergroup2	filegroup06	batchgroup1
obs09	var20	0.648003445	control	supergroup2	filegroup06	batchgroup1
obs10	var01	0.299540017	control	supergroup2	filegroup06	batchgroup1
obs10	var02	0.413060393	control	supergroup2	filegroup06	batchgroup1
obs10	var03	0.512900836	control	supergroup2	filegroup06	batchgroup1
obs10	var04	0.474414513	control	supergroup2	filegroup06	batchgroup1
obs10	var05	0.635466844	control	supergroup2	filegroup06	batchgroup1
obs10	var06	0.26645211	control	supergroup2	filegroup06	batchgroup1
obs10	var07	0.722496599	control	supergroup2	filegroup06	batchgroup1
obs10	var08	0.109568122	control	supergroup2	filegroup06	batchgroup1
obs10	var09	0.062433423	control	supergroup2	filegroup06	batchgroup1
obs10	var10	0.89130767	control	supergroup2	filegroup06	batchgroup1
obs10	var11	0.269046206	control	supergroup2	filegroup06	batchgroup1
obs10	var12	0.141526624	control	supergroup2	filegroup06	batchgroup1
obs10	var13	0.121199381	control	supergroup2	filegroup06	batchgroup1
obs10	var14	0.451757408	control	supergroup2	filegroup06	batchgroup1
obs10	var15	0.963451195	control	supergroup2	filegroup06	batchgroup1
obs10	var16	0.18643548	control	supergroup2	filegroup06	batchgroup1
obs10	var17	0.290069081	control	supergroup2	filegroup06	batchgroup1
obs10	var18	0.856666175	control	supergroup2	filegroup06	batchgroup1
obs10	var19	0.078091296	control	supergroup2	filegroup06	batchgroup1
obs10	var20	0.158677214	control	supergroup2	filegroup06	batchgroup1
obs11	var01	0.29324951	treatment	supergroup2	filegroup07	batchgroup2
obs11	var02	0.604637594	treatment	supergroup2	filegroup07	batchgroup2
obs11	var03	0.153482931	treatment	supergroup2	filegroup07	batchgroup2
obs11	var04	0.430361899	treatment	supergroup2	filegroup07	batchgroup2
obs11	var05	0.635320927	treatment	supergroup2	filegroup07	batchgroup2
obs11	var06	0.664292916	treatment	supergroup2	filegroup07	batchgroup2
obs11	var07	0.277430975	treatment	supergroup2	filegroup07	batchgroup2
obs11	var08	0.089331322	treatment	supergroup2	filegroup07	batchgroup2
obs11	var09	0.886684136	treatment	supergroup2	filegroup07	batchgroup2
obs11	var10	0.224516793	treatment	supergroup2	filegroup07	batchgroup2
obs11	var11	0.383846224	treatment	supergroup2	filegroup07	batchgroup2
obs11	var12	0.81934219	treatment	supergroup2	filegroup07	batchgroup2
obs11	var13	0.909536337	treatment	supergroup2	filegroup07	batchgroup2
obs11	var14	0.145998821	treatment	supergroup2	filegroup07	batchgroup2
obs11	var15	0.022713663	treatment	supergroup2	filegroup07	batchgroup2
obs11	var16	0.662178339	treatment	supergroup2	filegroup07	batchgroup2
obs11	var17	0.353114682	treatment	supergroup2	filegroup07	batchgroup2
obs11	var18	0.114957687	treatment	supergroup2	filegroup07	batchgroup2
obs11	var19	0.035959628	treatment	supergroup2	filegroup07	batchgroup2
obs11	var20	0.074836578	treatment	supergroup2	filegroup07	batchgroup2
obs12	var01	0.939358269	treatment	supergroup2	filegroup07	batchgroup2
obs12	var02	0.514025457	treatment	supergroup2	filegroup07	batchgroup2
obs12	var03	0.982383015	treatment	supergroup2	filegroup07	batchgroup2
obs12	var04	0.7308124	treatment	supergroup2	filegroup07	batchgroup2
obs12	var05	0.54254631	treatment	supergroup2	filegroup07	batchgroup2
obs12	var06	0.966009712	treatment	supergroup2	filegroup07	batchgroup2
obs12	var07	0.003228587	treatment	supergroup2	filegroup07	batchgroup2
obs12	var08	0.693210154	treatment	supergroup2	filegroup07	batchgroup2
obs12	var09	0.800800395	treatment	supergroup2	filegroup07	batchgroup2
obs12	var10	0.563432312	treatment	supergroup2	filegroup07	batchgroup2
obs12	var11	0.312182974	treatment	supergroup2	filegroup07	batchgroup2
obs12	var12	0.125819637	treatment	supergroup2	filegroup07	batchgroup2
obs12	var13	0.96141067	treatment	supergroup2	filegroup07	batchgroup2
obs12	var14	0.854969514	treatment	supergroup2	filegroup07	batchgroup2
obs12	var15	0.937910424	treatment	supergroup2	filegroup07	batchgroup2
obs12	var16	0.156508374	treatment	supergroup2	filegroup07	batchgroup2
obs12	var17	0.762890423	treatment	supergroup2	filegroup07	batchgroup2
obs12	var18	0.796064092	treatment	supergroup2	filegroup07	batchgroup2
obs12	var19	0.680233513	treatment	supergroup2	filegroup07	batchgroup2
obs12	var20	0.57905021	treatment	supergroup2	filegroup07	batchgroup2
obs13	var01	0.234677066	treatment	supergroup2	filegroup07	batchgroup2
obs13	var02	0.918331436	treatment	supergroup2	filegroup07	batchgroup2
obs13	var03	0.16832556	treatment	supergroup2	filegroup07	batchgroup2
obs13	var04	0.352458248	treatment	supergroup2	filegroup07	batchgroup2
obs13	var05	0.218565694	treatment	supergroup2	filegroup07	batchgroup2
obs13	var06	0.979963624	treatment	supergroup2	filegroup07	batchgroup2
obs13	var07	0.403649376	treatment	supergroup2	filegroup07	batchgroup2
obs13	var08	0.412751751	treatment	supergroup2	filegroup07	batchgroup2
obs13	var09	0.087486558	treatment	supergroup2	filegroup07	batchgroup2
obs13	var10	0.805529163	treatment	supergroup2	filegroup07	batchgroup2
obs13	var11	0.994867057	treatment	supergroup2	filegroup07	batchgroup2
obs13	var12	0.401907498	treatment	supergroup2	filegroup07	batchgroup2
obs13	var13	0.802154252	treatment	supergroup2	filegroup07	batchgroup2
obs13	var14	0.972030276	treatment	supergroup2	filegroup07	batchgroup2
obs13	var15	0.69202098	treatment	supergroup2	filegroup07	batchgroup2
obs13	var16	0.155462749	treatment	supergroup2	filegroup07	batchgroup2
obs13	var17	0.037440533	treatment	supergroup2	filegroup07	batchgroup2
obs13	var18	0.349119419	treatment	supergroup2	filegroup07	batchgroup2
obs13	var19	0.688476952	treatment	supergroup2	filegroup07	batchgroup2
obs13	var20	0.381531455	treatment	supergroup2	filegroup07	batchgroup2
obs14	var01	0.529688711	treatment	supergroup2	filegroup07	batchgroup2
obs14	var02	0.739044096	treatment	supergroup2	filegroup07	batchgroup2
obs14	var03	0.406926616	treatment	supergroup2	filegroup07	batchgroup2
obs14	var04	0.866938774	treatment	supergroup2	filegroup07	batchgroup2
obs14	var05	0.513548509	treatment	supergroup2	filegroup07	batchgroup2
obs14	var06	0.499247764	treatment	supergroup2	filegroup07	batchgroup2
obs14	var07	0.1091313	treatment	supergroup2	filegroup07	batchgroup2
obs14	var08	0.601506011	treatment	supergroup2	filegroup07	batchgroup2
obs14	var09	0.039589263	treatment	supergroup2	filegroup07	batchgroup2
obs14	var10	0.690492455	treatment	supergroup2	filegroup07	batchgroup2
obs14	var11	0.710736144	treatment	supergroup2	filegroup07	batchgroup2
obs14	var12	0.128796958	treatment	supergroup2	filegroup07	batchgroup2
obs14	var13	0.848418667	treatment	supergroup2	filegroup07	batchgroup2
obs14	var14	0.833130209	treatment	supergroup2	filegroup07	batchgroup2
obs14	var15	0.157892999	treatment	supergroup2	filegroup07	batchgroup2
obs14	var16	0.669203877	treatment	supergroup2	filegroup07	batchgroup2
obs14	var17	0.345987748	treatment	supergroup2	filegroup07	batchgroup2
obs14	var18	0.895515474	treatment	supergroup2	filegroup07	batchgroup2
obs14	var19	0.083163262	treatment	supergroup2	filegroup07	batchgroup2
obs14	var20	0.75394025	treatment	supergroup2	filegroup07	batchgroup2
obs15	var01	0.951818966	treatment	supergroup2	filegroup07	batchgroup2
obs15	var02	0.120573827	treatment	supergroup2	filegroup07	batchgroup2
obs15	var03	0.425168088	treatment	supergroup2	filegroup07	batchgroup2
obs15	var04	0.93315798	treatment	supergroup2	filegroup07	batchgroup2
obs15	var05	0.842076066	treatment	supergroup2	filegroup07	batchgroup2
obs15	var06	0.296356896	treatment	supergroup2	filegroup07	batchgroup2
obs15	var07	0.200318232	treatment	supergroup2	filegroup07	batchgroup2
obs15	var08	0.335157474	treatment	supergroup2	filegroup07	batchgroup2
obs15	var09	0.806626979	treatment	supergroup2	filegroup07	batchgroup2
obs15	var10	0.766613332	treatment	supergroup2	filegroup07	batchgroup2
obs15	var11	0.6322353	treatment	supergroup2	filegroup07	batchgroup2
obs15	var12	0.768009548	treatment	supergroup2	filegroup07	batchgroup2
obs15	var13	0.238987514	treatment	supergroup2	filegroup07	batchgroup2
obs15	var14	0.252839681	treatment	supergroup2	filegroup07	batchgroup2
obs15	var15	0.305286692	treatment	supergroup2	filegroup07	batchgroup2
obs15	var16	0.748062821	treatment	supergroup2	filegroup07	batchgroup2
obs15	var17	0.273557827	treatment	supergroup2	filegroup07	batchgroup2
obs15	var18	0.713110945	treatment	supergroup2	filegroup07	batchgroup2
obs15	var19	0.922590429	treatment	supergroup2	filegroup07	batchgroup2
obs15	var20	0.437824112	treatment	supergroup2	filegroup07	batchgroup2
obs16	var01	0.381464761	treatment	supergroup2	filegroup08	batchgroup2
obs16	var02	0.382275901	treatment	supergroup2	filegroup08	batchgroup2
obs16	var03	0.821790147	treatment	supergroup2	filegroup08	batchgroup2
obs16	var04	0.402981423	treatment	supergroup2	filegroup08	batchgroup2
obs16	var05	0.671042887	treatment	supergroup2	filegroup08	batchgroup2
obs16	var06	0.311526906	treatment	supergroup2	filegroup08	batchgroup2
obs16	var07	0.453101053	treatment	supergroup2	filegroup08	batchgroup2
obs16	var08	0.433473525	treatment	supergroup2	filegroup08	batchgroup2
obs16	var09	0.685771824	treatment	supergroup2	filegroup08	batchgroup2
obs16	var10	0.741937609	treatment	supergroup2	filegroup08	batchgroup2
obs16	var11	0.314968269	treatment	supergroup2	filegroup08	batchgroup2
obs16	var12	0.148835772	treatment	supergroup2	filegroup08	batchgroup2
obs16	var13	0.285119097	treatment	supergroup2	filegroup08	batchgroup2
obs16	var14	0.738680137	treatment	supergroup2	filegroup08	batchgroup2
obs16	var15	0.264086872	treatment	supergroup2	filegroup08	batchgroup2
obs16	var16	0.020332198	treatment	supergroup2	filegroup08	batchgroup2
obs16	var17	0.893833167	treatment	supergroup2	filegroup08	batchgroup2
obs16	var18	0.86481693	treatment	supergroup2	filegroup08	batchgroup2
obs16	var19	0.107386227	treatment	supergroup2	filegroup08	batchgroup2
obs16	var20	0.299535752	treatment	supergroup2	filegroup08	batchgroup2
obs17	var01	0.297227197	treatment	supergroup2	filegroup08	batchgroup2
obs17	var02	0.976388274	treatment	supergroup2	filegroup08	batchgroup2
obs17	var03	0.902701813	treatment	supergroup2	filegroup08	batchgroup2
obs17	var04	0.347253373	treatment	supergroup2	filegroup08	batchgroup2
obs17	var05	0.287841014	treatment	supergroup2	filegroup08	batchgroup2
obs17	var06	0.811021354	treatment	supergroup2	filegroup08	batchgroup2
obs17	var07	0.451737065	treatment	supergroup2	filegroup08	batchgroup2
obs17	var08	0.390448401	treatment	supergroup2	filegroup08	batchgroup2
obs17	var09	0.252750887	treatment	supergroup2	filegroup08	batchgroup2
obs17	var10	0.882747439	treatment	supergroup2	filegroup08	batchgroup2
obs17	var11	0.52155371	treatment	supergroup2	filegroup08	batchgroup2
obs17	var12	0.395033825	treatment	supergroup2	filegroup08	batchgroup2
obs17	var13	0.514249292	treatment	supergroup2	filegroup08	batchgroup2
obs17	var14	0.520810884	treatment	supergroup2	filegroup08	batchgroup2
obs17	var15	0.682524121	treatment	supergroup2	filegroup08	batchgroup2
obs17	var16	0.547910739	treatment	supergroup2	filegroup08	batchgroup2
obs17	var17	0.049392715	treatment	supergroup2	filegroup08	batchgroup2
obs17	var18	0.609411587	treatment	supergroup2	filegroup08	batchgroup2
obs17	var19	0.814443422	treatment	supergroup2	filegroup08	batchgroup2
obs17	var20	0.124488594	treatment	supergroup2	filegroup08	batchgroup2
obs18	var01	0.705010982	treatment	supergroup2	filegroup08	batchgroup2
obs18	var02	0.615371752	treatment	supergroup2	filegroup08	batchgroup2
obs18	var03	0.430548807	treatment	supergroup2	filegroup08	batchgroup2
obs18	var04	0.340674012	treatment	supergroup2	filegroup08	batchgroup2
obs18	var05	0.58976932	treatment	supergroup2	filegroup08	batchgroup2
obs18	var06	0.65384367	treatment	supergroup2	filegroup08	batchgroup2
obs18	var07	0.390368186	treatment	supergroup2	filegroup08	batchgroup2
obs18	var08	0.174788833	treatment	supergroup2	filegroup08	batchgroup2
obs18	var09	0.163958487	treatment	supergroup2	filegroup08	batchgroup2
obs18	var10	0.575778343	treatment	supergroup2	filegroup08	batchgroup2
obs18	var11	0.525486417	treatment	supergroup2	filegroup08	batchgroup2
obs18	var12	0.163436569	treatment	supergroup2	filegroup08	batchgroup2
obs18	var13	0.804613556	treatment	supergroup2	filegroup08	batchgroup2
obs18	var14	0.88350066	treatment	supergroup2	filegroup08	batchgroup2
obs18	var15	0.140252029	treatment	supergroup2	filegroup08	batchgroup2
obs18	var16	0.980575776	treatment	supergroup2	filegroup08	batchgroup2
obs18	var17	0.666746743	treatment	supergroup2	filegroup08	batchgroup2
obs18	var18	0.762348964	treatment	supergroup2	filegroup08	batchgroup2
obs18	var19	0.11998875	treatment	supergroup2	filegroup08	batchgroup2
obs18	var20	0.895825156	treatment	supergroup2	filegroup08	batchgroup2
obs19	var01	0.680130101	treatment	supergroup2	filegroup08	batchgroup2
obs19	var02	0.963912387	treatment	supergroup2	filegroup08	batchgroup2
obs19	var03	0.706253537	treatment	supergroup2	filegroup08	batchgroup2
obs19	var04	0.769027099	treatment	supergroup2	filegroup08	batchgroup2
obs19	var05	0.102960899	treatment	supergroup2	filegroup08	batchgroup2
obs19	var06	0.8213965	treatment	supergroup2	filegroup08	batchgroup2
obs19	var07	0.271118772	treatment	supergroup2	filegroup08	batchgroup2
obs19	var08	0.582275945	treatment	supergroup2	filegroup08	batchgroup2
obs19	var09	0.085843397	treatment	supergroup2	filegroup08	batchgroup2
obs19	var10	0.5909027	treatment	supergroup2	filegroup08	batchgroup2
obs19	var11	0.430638843	treatment	supergroup2	filegroup08	batchgroup2
obs19	var12	0.766071924	treatment	supergroup2	filegroup08	batchgroup2
obs19	var13	0.037098153	treatment	supergroup2	filegroup08	batchgroup2
obs19	var14	0.201306421	treatment	supergroup2	filegroup08	batchgroup2
obs19	var15	0.649024076	treatment	supergroup2	filegroup08	batchgroup2
obs19	var16	0.083691222	treatment	supergroup2	filegroup08	batchgroup2
obs19	var17	0.987427671	treatment	supergroup2	filegroup08	batchgroup2
obs19	var18	0.795665014	treatment	supergroup2	filegroup08	batchgroup2
obs19	var19	0.97216852	treatment	supergroup2	filegroup08	batchgroup2
obs19	var20	0.50426545	treatment	supergroup2	filegroup08	batchgroup2
obs20	var01	0.044051921	treatment	supergroup2	filegroup08	batchgroup2
obs20	var02	0.483846233	treatment	supergroup2	filegroup08	batchgroup2
obs20	var03	0.860058275	treatment	supergroup2	filegroup08	batchgroup2
obs20	var04	0.53958308	treatment	supergroup2	filegroup08	batchgroup2
obs20	var05	0.20496035	treatment	supergroup2	filegroup08	batchgroup2
obs20	var06	0.440211329	treatment	supergroup2	filegroup08	batchgroup2
obs20	var07	0.154795332	treatment	supergroup2	filegroup08	batchgroup2
obs20	var08	0.101212399	treatment	supergroup2	filegroup08	batchgroup2
obs20	var09	0.766399577	treatment	supergroup2	filegroup08	batchgroup2
obs20	var10	0.944231239	treatment	supergroup2	filegroup08	batchgroup2
obs20	var11	0.478453113	treatment	supergroup2	filegroup08	batchgroup2
obs20	var12	0.439692356	treatment	supergroup2	filegroup08	batchgroup2
obs20	var13	0.784244842	treatment	supergroup2	filegroup08	batchgroup2
obs20	var14	0.055822593	treatment	supergroup2	filegroup08	batchgroup2
obs20	var15	0.797425019	treatment	supergroup2	filegroup08	batchgroup2
obs20	var16	0.313299209	treatment	supergroup2	filegroup08	batchgroup2
obs20	var17	0.12427865	treatment	supergroup2	filegroup08	batchgroup2
obs20	var18	0.478206437	treatment	supergroup2	filegroup08	batchgroup2
obs20	var19	0.922564877	treatment	supergroup2	filegroup08	batchgroup2
obs20	var20	0.721090152	treatment	supergroup2	filegroup08	batchgroup2
